<?xml version="1.0" encoding="UTF-8" standalone="yes"?>
<update_info>
    <!--- some general information about this update -->
    <header>
        <version>0.3.1.RC1</version>
        <release_date>01.01.2012</release_date>
        <required_version>0.3.0</required_version>
    </header>
    
    <!--- changelog -->
    <changelog_items>
        <changelog>BUGFIX: Rechtschreibfehler korrigiert</changelog>
    </changelog_items>
    
    <!--- texts, which will displayed to the user before or after updating (e.g. warnings, notifications,...) -->
    <notifications>
        <notification type="before_updating">Hinweis: All ihre hochgeladenen Bilder werden durch dieses Update in den Ordner "media" verschoben! In Zukunft werden alle hochgeladenen Dateien immer im "media"-Ordner gespeichert, alle anderen Ordner werden ab jetzt ausschliesslich für Systemdateien genutzt.</notification>
    </notifications>
    
    <!--- all operations which have to be done (e.g. copy new files, update the database, ...) -->
    <instructions>
    
        <!--- copy the new files, rename files, delete files, ... -->
        <instruction type="file" action="copy" md5="55251569ea15c29bd004b4b25d0585eb">123456.php</instruction>
        <instruction type="file" action="rename" new_name="hallo.php">fpmgr.php</instruction>
        <instruction type="file" action="delete">devmgr.php</instruction>
        
        <!--- update the database -->
        <instruction type="sql">INSERT INTO internal SET keyName='test', keyValue='42'</instruction>
        
        <!--- execute some special update routines from "update.php" -->
        <instruction type="custom">custom_routine_in_update.php</instruction>
        
    </instructions>

</update_info>
